TradeId, Spot, Strike, timeToMaturity, IR, Sigma, OptionPrice, timeTaken 
"TID_0",46.24475453781976,46.24475453781976,1.156118863445494,0.09248950907563952,0.34683565903364816,9.522255026628704,42.19627380371094ms
"TID_0_bumped_spot_-8.0000",42.54517417479418,46.24475453781976,1.156118863445494,0.09248950907563952,0.34683565903364816,7.175174513331382,2.009153366088867ms
"TID_0_bumped_spot_-2.0000",45.319859447063365,46.24475453781976,1.156118863445494,0.09248950907563952,0.34683565903364816,8.905751510035085,4.00543212890625ms
"TID_0_bumped_spot_2.0000",47.16964962857615,46.24475453781976,1.156118863445494,0.09248950907563952,0.34683565903364816,10.152826963096981,2.003192901611328ms
"TID_0_bumped_spot_8.0000",49.94433490084534,46.24475453781976,1.156118863445494,0.09248950907563952,0.34683565903364816,12.128363078071562,2.0935535430908203ms
"TID_0_bumped_spot_-9.0000",42.08272662941598,46.24475453781976,1.156118863445494,0.09248950907563952,0.34683565903364816,6.902899687848196,1.9974708557128906ms
"TID_0_bumped_spot_9.0000",50.40678244622354,46.24475453781976,1.156118863445494,0.09248950907563952,0.34683565903364816,12.470313342193625,2.0055770874023438ms
"TID_0_bumped_spot_-10.0000",41.62027908403778,46.24475453781976,1.156118863445494,0.09248950907563952,0.34683565903364816,6.635319859678011,0.9996891021728516ms
"TID_0_bumped_spot_-3.0000",44.85741190168517,46.24475453781976,1.156118863445494,0.09248950907563952,0.34683565903364816,8.603595230652553,2.001047134399414ms
"TID_0_bumped_spot_3.0000",47.63209717395435,46.24475453781976,1.156118863445494,0.09248950907563952,0.34683565903364816,10.473561226353231,3.0133724212646484ms
"TID_0_bumped_spot_-4.0000",44.39496435630697,46.24475453781976,1.156118863445494,0.09248950907563952,0.34683565903364816,8.307746175832618,1.0066032409667969ms
"TID_0_bumped_spot_-1.0000",45.78230699244156,46.24475453781976,1.156118863445494,0.09248950907563952,0.34683565903364816,9.211988288024124,2.9947757720947266ms
"TID_0_bumped_spot_1.0000",46.707202083197956,46.24475453781976,1.156118863445494,0.09248950907563952,0.34683565903364816,9.83585914003723,2.004861831665039ms
"TID_0_bumped_spot_4.0000",48.094544719332546,46.24475453781976,1.156118863445494,0.09248950907563952,0.34683565903364816,10.798579463366906,3.002166748046875ms
"TID_0_bumped_spot_-5.0000",43.932516810928774,46.24475453781976,1.156118863445494,0.09248950907563952,0.34683565903364816,8.017371728635897,2.0003318786621094ms
"TID_0_bumped_spot_5.0000",48.55699226471074,46.24475453781976,1.156118863445494,0.09248950907563952,0.34683565903364816,11.125542505731785,1.0857582092285156ms
"TID_0_bumped_spot_-6.0000",43.47006926555057,46.24475453781976,1.156118863445494,0.09248950907563952,0.34683565903364816,7.732098607855669,3.082752227783203ms
"TID_0_bumped_spot_6.0000",49.01943981008895,46.24475453781976,1.156118863445494,0.09248950907563952,0.34683565903364816,11.455912951944724,2.997159957885742ms
"TID_0_bumped_spot_-7.0000",43.007621720172374,46.24475453781976,1.156118863445494,0.09248950907563952,0.34683565903364816,7.451572831822401,2.0041465759277344ms
"TID_0_bumped_spot_7.0000",49.481887355467144,46.24475453781976,1.156118863445494,0.09248950907563952,0.34683565903364816,11.790483000348857,1.0077953338623047ms
"TID_0_bumped_strike_-8.0000",46.24475453781976,42.54517417479418,1.156118863445494,0.09248950907563952,0.34683565903364816,11.376341355990618,2.000570297241211ms
"TID_0_bumped_strike_-2.0000",46.24475453781976,45.319859447063365,1.156118863445494,0.09248950907563952,0.34683565903364816,9.962516517223989,1.9278526306152344ms
"TID_0_bumped_strike_2.0000",46.24475453781976,47.16964962857615,1.156118863445494,0.09248950907563952,0.34683565903364816,9.096041271543967,2.0062923431396484ms
"TID_0_bumped_strike_8.0000",46.24475453781976,49.94433490084534,1.156118863445494,0.09248950907563952,0.34683565903364816,7.925459657585744,2.076864242553711ms
"TID_0_bumped_strike_-9.0000",46.24475453781976,42.08272662941598,1.156118863445494,0.09248950907563952,0.34683565903364816,11.629095267121265,2.0008087158203125ms
"TID_0_bumped_strike_9.0000",46.24475453781976,50.40678244622354,1.156118863445494,0.09248950907563952,0.34683565903364816,7.744234811874403,3.0045509338378906ms
"TID_0_bumped_strike_-10.0000",46.24475453781976,41.62027908403778,1.156118863445494,0.09248950907563952,0.34683565903364816,11.886782245455814,1.9981861114501953ms
"TID_0_bumped_strike_-3.0000",46.24475453781976,44.85741190168517,1.156118863445494,0.09248950907563952,0.34683565903364816,10.188520332505123,1.9903182983398438ms
"TID_0_bumped_strike_3.0000",46.24475453781976,47.63209717395435,1.156118863445494,0.09248950907563952,0.34683565903364816,8.888654279291186,2.004384994506836ms
"TID_0_bumped_strike_-4.0000",46.24475453781976,44.39496435630697,1.156118863445494,0.09248950907563952,0.34683565903364816,10.418838412563971,2.0639896392822266ms
"TID_0_bumped_strike_-1.0000",46.24475453781976,45.78230699244156,1.156118863445494,0.09248950907563952,0.34683565903364816,9.74065693883349,1.9989013671875ms
"TID_0_bumped_strike_1.0000",46.24475453781976,46.707202083197956,1.156118863445494,0.09248950907563952,0.34683565903364816,9.307194749046861,3.000974655151367ms
"TID_0_bumped_strike_4.0000",46.24475453781976,48.094544719332546,1.156118863445494,0.09248950907563952,0.34683565903364816,8.687036417547096,2.006053924560547ms
"TID_0_bumped_strike_-5.0000",46.24475453781976,43.932516810928774,1.156118863445494,0.09248950907563952,0.34683565903364816,10.651580522668574,1.9991397857666016ms
"TID_0_bumped_strike_5.0000",46.24475453781976,48.55699226471074,1.156118863445494,0.09248950907563952,0.34683565903364816,8.490258239157377,2.0771026611328125ms
"TID_0_bumped_strike_-6.0000",46.24475453781976,43.47006926555057,1.156118863445494,0.09248950907563952,0.34683565903364816,10.888705241186454,2.0852088928222656ms
"TID_0_bumped_strike_6.0000",46.24475453781976,49.01943981008895,1.156118863445494,0.09248950907563952,0.34683565903364816,8.29810399609508,2.911090850830078ms
"TID_0_bumped_strike_-7.0000",46.24475453781976,43.007621720172374,1.156118863445494,0.09248950907563952,0.34683565903364816,11.130424950699522,2.000093460083008ms
"TID_0_bumped_strike_7.0000",46.24475453781976,49.481887355467144,1.156118863445494,0.09248950907563952,0.34683565903364816,8.109904170467445,2.927064895629883ms
"TID_0_bumped_ir_-0.9000",46.24475453781976,46.24475453781976,1.156118863445494,0.09165710349395877,0.34683565903364816,9.502000364235707,2.9082298278808594ms
"TID_0_bumped_ir_-0.7000",46.24475453781976,46.24475453781976,1.156118863445494,0.09184208251211004,0.34683565903364816,9.506500846949638,1.989126205444336ms
"TID_0_bumped_ir_-0.5000",46.24475453781976,46.24475453781976,1.156118863445494,0.09202706153026133,0.34683565903364816,9.51100164585177,2.9981136322021484ms
"TID_0_bumped_ir_0.4000",46.24475453781976,46.24475453781976,1.156118863445494,0.09285946711194208,0.34683565903364816,9.531259154551199,2.0051002502441406ms
"TID_0_bumped_ir_0.5000",46.24475453781976,46.24475453781976,1.156118863445494,0.09295195662101771,0.34683565903364816,9.533510384244206,2.004861831665039ms
"TID_0_bumped_ir_0.3000",46.24475453781976,46.24475453781976,1.156118863445494,0.09276697760286644,0.34683565903364816,9.529008003946958,2.9952526092529297ms
"TID_0_bumped_ir_0.7000",46.24475453781976,46.24475453781976,1.156118863445494,0.093136935639169,0.34683565903364816,9.538015309655659,3.0002593994140625ms
"TID_0_bumped_ir_-0.0000",46.24475453781976,46.24475453781976,1.156118863445494,0.09248950907563952,0.34683565903364816,9.522255026628704,3.0007362365722656ms
"TID_0_bumped_ir_-0.4000",46.24475453781976,46.24475453781976,1.156118863445494,0.09211955103933696,0.34683565903364816,9.513252163882841,2.0399093627929688ms
"TID_0_bumped_ir_-0.3000",46.24475453781976,46.24475453781976,1.156118863445494,0.0922120405484126,0.34683565903364816,9.515502760972284,1.9981861114501953ms
"TID_0_bumped_ir_0.9000",46.24475453781976,46.24475453781976,1.156118863445494,0.09332191465732027,0.34683565903364816,9.542525386945584,2.0771026611328125ms
"TID_0_bumped_ir_0.1000",46.24475453781976,46.24475453781976,1.156118863445494,0.09258199858471516,0.34683565903364816,9.524505939989519,2.9935836791992188ms
"TID_0_bumped_ir_-1.0000",46.24475453781976,46.24475453781976,1.156118863445494,0.09156461398488312,0.34683565903364816,9.499750241439909,3.0057430267333984ms
"TID_0_bumped_ir_0.6000",46.24475453781976,46.24475453781976,1.156118863445494,0.09304444613009336,0.34683565903364816,9.5357616930298,2.084493637084961ms
"TID_0_bumped_ir_0.8000",46.24475453781976,46.24475453781976,1.156118863445494,0.09322942514824463,0.34683565903364816,9.540270308673222,2.9993057250976562ms
"TID_0_bumped_ir_1.0000",46.24475453781976,46.24475453781976,1.156118863445494,0.09341440416639592,0.34683565903364816,9.544780544476557,2.0074844360351562ms
"TID_0_bumped_ir_-0.8000",46.24475453781976,46.24475453781976,1.156118863445494,0.09174959300303441,0.34683565903364816,9.50425056607103,1.9326210021972656ms
"TID_0_bumped_ir_-0.2000",46.24475453781976,46.24475453781976,1.156118863445494,0.09230453005748825,0.34683565903364816,9.517753437123883,1.9955635070800781ms
"TID_0_bumped_ir_-0.6000",46.24475453781976,46.24475453781976,1.156118863445494,0.09193457202118568,0.34683565903364816,9.508751206875296,1.997232437133789ms
"TID_0_bumped_ir_0.2000",46.24475453781976,46.24475453781976,1.156118863445494,0.0926744880937908,0.34683565903364816,9.526756932427666,2.004384994506836ms
"TID_0_bumped_ir_-0.1000",46.24475453781976,46.24475453781976,1.156118863445494,0.09239701956656388,0.34683565903364816,9.520004192341425,1.997232437133789ms
"TID_0_bumped_vol_-8.0000",46.24475453781976,46.24475453781976,1.156118863445494,0.09248950907563952,0.3190888063109563,9.355857880908127,3.000497817993164ms
"TID_0_bumped_vol_-2.0000",46.24475453781976,46.24475453781976,1.156118863445494,0.09248950907563952,0.3398989458529752,9.479842968213267,3.9992332458496094ms
"TID_0_bumped_vol_2.0000",46.24475453781976,46.24475453781976,1.156118863445494,0.09248950907563952,0.3537723722143211,9.565351907462158,4.074335098266602ms
"TID_0_bumped_vol_8.0000",46.24475453781976,46.24475453781976,1.156118863445494,0.09248950907563952,0.37458251175634,9.697948355670238,2.9904842376708984ms
"TID_0_bumped_vol_-9.0000",46.24475453781976,46.24475453781976,1.156118863445494,0.09248950907563952,0.3156204497206198,9.335626859760028,3.0100345611572266ms
"TID_0_bumped_vol_9.0000",46.24475453781976,46.24475453781976,1.156118863445494,0.09248950907563952,0.3780508683466765,9.720849578515296,1.9609928131103516ms
"TID_0_bumped_vol_-10.0000",46.24475453781976,46.24475453781976,1.156118863445494,0.09248950907563952,0.31215209313028336,9.31569247257497,1.9402503967285156ms
"TID_0_bumped_vol_-3.0000",46.24475453781976,46.24475453781976,1.156118863445494,0.09248950907563952,0.3364305892626387,9.458863500947428,2.000093460083008ms
"TID_0_bumped_vol_3.0000",46.24475453781976,46.24475453781976,1.156118863445494,0.09248950907563952,0.3572407288046576,9.58697958811406,2.025604248046875ms
"TID_0_bumped_vol_-4.0000",46.24475453781976,46.24475453781976,1.156118863445494,0.09248950907563952,0.33296223267230224,9.438024716933763,1.1143684387207031ms
"TID_0_bumped_vol_-1.0000",46.24475453781976,46.24475453781976,1.156118863445494,0.09248950907563952,0.34336730244331165,9.50093909787332,2.0012855529785156ms
"TID_0_bumped_vol_1.0000",46.24475453781976,46.24475453781976,1.156118863445494,0.09248950907563952,0.35030401562398467,9.543776876062326,3.0045509338378906ms
"TID_0_bumped_vol_4.0000",46.24475453781976,46.24475453781976,1.156118863445494,0.09248950907563952,0.3607090853949941,9.60873529255758,2.0797252655029297ms
"TID_0_bumped_vol_-5.0000",46.24475453781976,46.24475453781976,1.156118863445494,0.09248950907563952,0.32949387608196573,9.417283861591859,2.000570297241211ms
"TID_0_bumped_vol_5.0000",46.24475453781976,46.24475453781976,1.156118863445494,0.09248950907563952,0.3641774419853306,9.630756805879281,2.0096302032470703ms
"TID_0_bumped_vol_-6.0000",46.24475453781976,46.24475453781976,1.156118863445494,0.09248950907563952,0.3260255194916293,9.396679804019717,2.0034313201904297ms
"TID_0_bumped_vol_6.0000",46.24475453781976,46.24475453781976,1.156118863445494,0.09248950907563952,0.36764579857566704,9.652881058914462,1.0008811950683594ms
"TID_0_bumped_vol_-7.0000",46.24475453781976,46.24475453781976,1.156118863445494,0.09248950907563952,0.32255716290129277,9.37624021794855,2.5272369384765625ms
"TID_0_bumped_vol_7.0000",46.24475453781976,46.24475453781976,1.156118863445494,0.09248950907563952,0.37111415516600355,9.675255562404898,0.9930133819580078ms
"TID_0_bumped_time_to_maturity_-34.0000",46.24475453781976,46.24475453781976,0.7630384498740261,0.09248950907563952,0.34683565903364816,7.081488452782856,2.0020008087158203ms
"TID_0_bumped_time_to_maturity_-9.0000",46.24475453781976,46.24475453781976,1.0520681657353994,0.09248950907563952,0.34683565903364816,8.90354181391836,1.9977092742919922ms
"TID_0_bumped_time_to_maturity_-39.0000",46.24475453781976,46.24475453781976,0.7052325067017513,0.09248950907563952,0.34683565903364816,6.69771546675281,1.9965171813964844ms
"TID_0_bumped_time_to_maturity_-44.0000",46.24475453781976,46.24475453781976,0.6474265635294766,0.09248950907563952,0.34683565903364816,6.30700151668352,1.003265380859375ms
"TID_0_bumped_time_to_maturity_-49.0000",46.24475453781976,46.24475453781976,0.589620620357202,0.09248950907563952,0.34683565903364816,5.9083899371749995,3.015756607055664ms
"TID_0_bumped_time_to_maturity_-54.0000",46.24475453781976,46.24475453781976,0.5318146771849271,0.09248950907563952,0.34683565903364816,5.501091281444989,1.001596450805664ms
"TID_0_bumped_time_to_maturity_-14.0000",46.24475453781976,46.24475453781976,0.9942622225631248,0.09248950907563952,0.34683565903364816,8.551374141955648,2.0694732666015625ms
"TID_0_bumped_time_to_maturity_-59.0000",46.24475453781976,46.24475453781976,0.47400873401265253,0.09248950907563952,0.34683565903364816,5.084138621227186,1.9969940185546875ms
"TID_0_bumped_time_to_maturity_-64.0000",46.24475453781976,46.24475453781976,0.4162027908403778,0.09248950907563952,0.34683565903364816,4.6560355427484685,2.002239227294922ms
"TID_0_bumped_time_to_maturity_-4.0000",46.24475453781976,46.24475453781976,1.1098741089076742,0.09248950907563952,0.34683565903364816,9.249763741339027,2.08282470703125ms
"TID_0_bumped_time_to_maturity_-69.0000",46.24475453781976,46.24475453781976,0.3583968476681032,0.09248950907563952,0.34683565903364816,4.214823765476148,0.9958744049072266ms
"TID_0_bumped_time_to_maturity_-74.0000",46.24475453781976,46.24475453781976,0.3005909044958285,0.09248950907563952,0.34683565903364816,3.757507889845607,2.005338668823242ms
"TID_0_bumped_time_to_maturity_-79.0000",46.24475453781976,46.24475453781976,0.24278496132355376,0.09248950907563952,0.34683565903364816,3.2787101889773385,2.0134449005126953ms
"TID_0_bumped_time_to_maturity_-19.0000",46.24475453781976,46.24475453781976,0.9364562793908501,0.09248950907563952,0.34683565903364816,8.193264149179596,2.0797252655029297ms
"TID_0_bumped_time_to_maturity_-84.0000",46.24475453781976,46.24475453781976,0.18497901815127915,0.09248950907563952,0.34683565903364816,2.769610095108218,1.9862651824951172ms
"TID_0_bumped_time_to_maturity_-89.0000",46.24475453781976,46.24475453781976,0.12717307497900432,0.09248950907563952,0.34683565903364816,2.212282703565494,2.081632614135742ms
"TID_0_bumped_time_to_maturity_-94.0000",46.24475453781976,46.24475453781976,0.06936713180672971,0.09248950907563952,0.34683565903364816,1.5625809019545043,1.9903182983398438ms
"TID_0_bumped_time_to_maturity_-99.0000",46.24475453781976,46.24475453781976,0.011561188634454878,0.09248950907563952,0.34683565903364816,0.5976985358518536,1.9993782043457031ms
"TID_0_bumped_time_to_maturity_-24.0000",46.24475453781976,46.24475453781976,0.8786503362185754,0.09248950907563952,0.34683565903364816,7.82890437799102,1.9965171813964844ms
"TID_0_bumped_time_to_maturity_-29.0000",46.24475453781976,46.24475453781976,0.8208443930463007,0.09248950907563952,0.34683565903364816,7.458555296167121,3.0171871185302734ms
"TID_1",43.44957488928854,43.44957488928854,1.0862393722322135,0.08689914977857707,0.325871811669664,8.316417747887034,2.0020008087158203ms
"TID_1_bumped_spot_-8.0000",39.97360889814546,43.44957488928854,1.0862393722322135,0.08689914977857707,0.325871811669664,6.159396732318792,2.003908157348633ms
"TID_1_bumped_spot_-2.0000",42.58058339150277,43.44957488928854,1.0862393722322135,0.08689914977857707,0.325871811669664,7.746982284043107,2.9973983764648438ms
"TID_1_bumped_spot_2.0000",44.31856638707431,43.44957488928854,1.0862393722322135,0.08689914977857707,0.325871811669664,8.899444140517323,2.0055770874023438ms
"TID_1_bumped_spot_8.0000",46.925540880431626,43.44957488928854,1.0862393722322135,0.08689914977857707,0.325871811669664,10.729772949510757,1.9676685333251953ms
"TID_1_bumped_spot_-9.0000",39.53911314925257,43.44957488928854,1.0862393722322135,0.08689914977857707,0.325871811669664,5.911778163422377,2.104043960571289ms
"TID_1_bumped_spot_9.0000",47.36003662932451,43.44957488928854,1.0862393722322135,0.08689914977857707,0.325871811669664,11.048809997295466,1.9505023956298828ms
"TID_1_bumped_spot_-10.0000",39.104617400359686,43.44957488928854,1.0862393722322135,0.08689914977857707,0.325871811669664,5.667587544430696,1.9197463989257812ms
"TID_1_bumped_spot_-3.0000",42.146087642609885,43.44957488928854,1.0862393722322135,0.08689914977857707,0.325871811669664,7.4686889867410535,0.9987354278564453ms
"TID_1_bumped_spot_3.0000",44.7530621359672,43.44957488928854,1.0862393722322135,0.08689914977857707,0.325871811669664,9.19570837358926,2.0093917846679688ms
"TID_1_bumped_spot_-4.0000",41.711591893717,43.44957488928854,1.0862393722322135,0.08689914977857707,0.325871811669664,7.196304342416769,2.9249191284179688ms
"TID_1_bumped_spot_-1.0000",43.015079140395656,43.44957488928854,1.0862393722322135,0.08689914977857707,0.325871811669664,8.030008537101502,2.001523971557617ms
"TID_1_bumped_spot_1.0000",43.88407063818143,43.44957488928854,1.0862393722322135,0.08689914977857707,0.325871811669664,8.606041810376437,2.0918846130371094ms
"TID_1_bumped_spot_4.0000",45.187557884860084,43.44957488928854,1.0862393722322135,0.08689914977857707,0.325871811669664,9.49552276748761,1.0006427764892578ms
"TID_1_bumped_spot_-5.0000",41.277096144824114,43.44957488928854,1.0862393722322135,0.08689914977857707,0.325871811669664,6.929472972175033,2.9871463775634766ms
"TID_1_bumped_spot_5.0000",45.62205363375297,43.44957488928854,1.0862393722322135,0.08689914977857707,0.325871811669664,9.79756429965954,3.30352783203125ms
"TID_1_bumped_spot_-6.0000",40.84260039593123,43.44957488928854,1.0862393722322135,0.08689914977857707,0.325871811669664,6.667587939975654,1.9221305847167969ms
"TID_1_bumped_spot_6.0000",46.056549382645855,43.44957488928854,1.0862393722322135,0.08689914977857707,0.325871811669664,10.10422788397755,1.9998550415039062ms
"TID_1_bumped_spot_-7.0000",40.40810464703834,43.44957488928854,1.0862393722322135,0.08689914977857707,0.325871811669664,6.411250472620074,2.0008087158203125ms
"TID_1_bumped_spot_7.0000",46.49104513153874,43.44957488928854,1.0862393722322135,0.08689914977857707,0.325871811669664,10.415504945519082,3.013134002685547ms
"TID_1_bumped_strike_-8.0000",43.44957488928854,39.97360889814546,1.0862393722322135,0.08689914977857707,0.325871811669664,10.075148883890947,3.0088424682617188ms
"TID_1_bumped_strike_-2.0000",43.44957488928854,42.58058339150277,1.0862393722322135,0.08689914977857707,0.325871811669664,8.733248272455178,1.9998550415039062ms
"TID_1_bumped_strike_2.0000",43.44957488928854,44.31856638707431,1.0862393722322135,0.08689914977857707,0.325871811669664,7.913155270280081,2.0074844360351562ms
"TID_1_bumped_strike_8.0000",43.44957488928854,46.925540880431626,1.0862393722322135,0.08689914977857707,0.325871811669664,6.812628007487368,4.001140594482422ms
"TID_1_bumped_strike_-9.0000",43.44957488928854,39.53911314925257,1.0862393722322135,0.08689914977857707,0.325871811669664,10.316474786743596,2.9251575469970703ms
"TID_1_bumped_strike_9.0000",43.44957488928854,47.36003662932451,1.0862393722322135,0.08689914977857707,0.325871811669664,6.643960316843968,2.473592758178711ms
"TID_1_bumped_strike_-10.0000",43.44957488928854,39.104617400359686,1.0862393722322135,0.08689914977857707,0.325871811669664,10.560724211716636,1.9180774688720703ms
"TID_1_bumped_strike_-3.0000",43.44957488928854,42.146087642609885,1.0862393722322135,0.08689914977857707,0.325871811669664,8.946656947925279,2.084493637084961ms
"TID_1_bumped_strike_3.0000",43.44957488928854,44.7530621359672,1.0862393722322135,0.08689914977857707,0.325871811669664,7.717573172841122,2.5093555450439453ms
"TID_1_bumped_strike_-4.0000",43.44957488928854,41.711591893717,1.0862393722322135,0.08689914977857707,0.325871811669664,9.163833936970503,3.002643585205078ms
"TID_1_bumped_strike_-1.0000",43.44957488928854,43.015079140395656,1.0862393722322135,0.08689914977857707,0.325871811669664,8.52290519709281,2.077341079711914ms
"TID_1_bumped_strike_1.0000",43.44957488928854,43.88407063818143,1.0862393722322135,0.08689914977857707,0.325871811669664,8.113158464748768,2.0008087158203125ms
"TID_1_bumped_strike_4.0000",43.44957488928854,45.187557884860084,1.0862393722322135,0.08689914977857707,0.325871811669664,7.52738923767403,1.1012554168701172ms
"TID_1_bumped_strike_-5.0000",43.44957488928854,41.277096144824114,1.0862393722322135,0.08689914977857707,0.325871811669664,9.383877459793801,3.0851364135742188ms
"TID_1_bumped_strike_5.0000",43.44957488928854,45.62205363375297,1.0862393722322135,0.08689914977857707,0.325871811669664,7.342190412216102,1.9054412841796875ms
"TID_1_bumped_strike_-6.0000",43.44957488928854,40.84260039593123,1.0862393722322135,0.08689914977857707,0.325871811669664,9.609709253959235,2.000093460083008ms
"TID_1_bumped_strike_6.0000",43.44957488928854,46.056549382645855,1.0862393722322135,0.08689914977857707,0.325871811669664,7.161299217873121,1.9686222076416016ms
"TID_1_bumped_strike_-7.0000",43.44957488928854,40.40810464703834,1.0862393722322135,0.08689914977857707,0.325871811669664,9.839995820833053,1.0149478912353516ms
"TID_1_bumped_strike_7.0000",43.44957488928854,46.49104513153874,1.0862393722322135,0.08689914977857707,0.325871811669664,6.9849273771298925,2.0837783813476562ms
"TID_1_bumped_ir_-0.9000",43.44957488928854,43.44957488928854,1.0862393722322135,0.08611705743056988,0.325871811669664,8.299653106738603,2.0189285278320312ms
"TID_1_bumped_ir_-0.7000",43.44957488928854,43.44957488928854,1.0862393722322135,0.08629085573012703,0.325871811669664,8.30337814764285,1.9974708557128906ms
"TID_1_bumped_ir_-0.5000",43.44957488928854,43.44957488928854,1.0862393722322135,0.08646465402968419,0.325871811669664,8.307103437050074,3.0057430267333984ms
"TID_1_bumped_ir_0.4000",43.44957488928854,43.44957488928854,1.0862393722322135,0.08724674637769138,0.325871811669664,8.323870315091384,3.003835678100586ms
"TID_1_bumped_ir_0.5000",43.44957488928854,43.44957488928854,1.0862393722322135,0.08733364552746996,0.325871811669664,8.325733612263514,1.997232437133789ms
"TID_1_bumped_ir_0.3000",43.44957488928854,43.44957488928854,1.0862393722322135,0.0871598472279128,0.325871811669664,8.322007080069957,1.9154548645019531ms
"TID_1_bumped_ir_0.7000",43.44957488928854,43.44957488928854,1.0862393722322135,0.08750744382702712,0.325871811669664,8.32946039306905,2.000093460083008ms
"TID_1_bumped_ir_-0.0000",43.44957488928854,43.44957488928854,1.0862393722322135,0.08689914977857707,0.325871811669664,8.316417747887034,2.998828887939453ms
"TID_1_bumped_ir_-0.4000",43.44957488928854,43.44957488928854,1.0862393722322135,0.08655155317946277,0.325871811669664,8.308966174947932,2.0046234130859375ms
"TID_1_bumped_ir_-0.3000",43.44957488928854,43.44957488928854,1.0862393722322135,0.08663845232924135,0.325871811669664,8.310828974978289,1.9991397857666016ms
"TID_1_bumped_ir_0.9000",43.44957488928854,43.44957488928854,1.0862393722322135,0.08768124212658426,0.325871811669664,8.333187422504949,2.0933151245117188ms
"TID_1_bumped_ir_0.1000",43.44957488928854,43.44957488928854,1.0862393722322135,0.08698604892835565,0.325871811669664,8.318280796470065,2.002239227294922ms
"TID_1_bumped_ir_-1.0000",43.44957488928854,43.44957488928854,1.0862393722322135,0.0860301582807913,0.325871811669664,8.297790679469482,2.0003318786621094ms
"TID_1_bumped_ir_0.6000",43.44957488928854,43.44957488928854,1.0862393722322135,0.08742054467724854,0.325871811669664,8.327596971588639,3.0002593994140625ms
"TID_1_bumped_ir_0.8000",43.44957488928854,43.44957488928854,1.0862393722322135,0.08759434297680568,0.325871811669664,8.331323876707055,2.087116241455078ms
"TID_1_bumped_ir_1.0000",43.44957488928854,43.44957488928854,1.0862393722322135,0.08776814127636284,0.325871811669664,8.33505103046504,2.235889434814453ms
"TID_1_bumped_ir_-0.8000",43.44957488928854,43.44957488928854,1.0862393722322135,0.08620395658034846,0.325871811669664,8.301515596128977,1.0006427764892578ms
"TID_1_bumped_ir_-0.2000",43.44957488928854,43.44957488928854,1.0862393722322135,0.08672535147901991,0.325871811669664,8.312691837143417,1.924276351928711ms
"TID_1_bumped_ir_-0.6000",43.44957488928854,43.44957488928854,1.0862393722322135,0.08637775487990561,0.325871811669664,8.305240761282464,1.0902881622314453ms
"TID_1_bumped_ir_0.2000",43.44957488928854,43.44957488928854,1.0862393722322135,0.08707294807813423,0.325871811669664,8.320143907196945,1.9948482513427734ms
"TID_1_bumped_ir_-0.1000",43.44957488928854,43.44957488928854,1.0862393722322135,0.08681225062879849,0.325871811669664,8.314554761445574,1.9991397857666016ms
"TID_1_bumped_vol_-8.0000",43.44957488928854,43.44957488928854,1.0862393722322135,0.08689914977857707,0.2998020667360909,8.171217621556147,2.5751590728759766ms
"TID_1_bumped_vol_-2.0000",43.44957488928854,43.44957488928854,1.0862393722322135,0.08689914977857707,0.3193543754362707,8.279318077958987,1.9257068634033203ms
"TID_1_bumped_vol_2.0000",43.44957488928854,43.44957488928854,1.0862393722322135,0.08689914977857707,0.3323892479030573,8.353756829279053,2.0008087158203125ms
"TID_1_bumped_vol_8.0000",43.44957488928854,43.44957488928854,1.0862393722322135,0.08689914977857707,0.3519415566032371,8.469127990579686,2.0020008087158203ms
"TID_1_bumped_vol_-9.0000",43.44957488928854,43.44957488928854,1.0862393722322135,0.08689914977857707,0.29654334861939424,8.153643278239244,1.9996166229248047ms
"TID_1_bumped_vol_9.0000",43.44957488928854,43.44957488928854,1.0862393722322135,0.08689914977857707,0.35520027471993376,8.488774267532172,1.9969940185546875ms
"TID_1_bumped_vol_-10.0000",43.44957488928854,43.44957488928854,1.0862393722322135,0.08689914977857707,0.2932846305026976,8.136125040767261,2.0003318786621094ms
"TID_1_bumped_vol_-3.0000",43.44957488928854,43.44957488928854,1.0862393722322135,0.08689914977857707,0.31609565731957406,8.260886646634313,1.9943714141845703ms
"TID_1_bumped_vol_3.0000",43.44957488928854,43.44957488928854,1.0862393722322135,0.08689914977857707,0.33564796601975394,8.372585952167515,2.925872802734375ms
"TID_1_bumped_vol_-4.0000",43.44957488928854,43.44957488928854,1.0862393722322135,0.08689914977857707,0.3128369392028774,8.242696454850114,2.4144649505615234ms
"TID_1_bumped_vol_-1.0000",43.44957488928854,43.44957488928854,1.0862393722322135,0.08689914977857707,0.32261309355296736,8.297841914843358,2.0732879638671875ms
"TID_1_bumped_vol_1.0000",43.44957488928854,43.44957488928854,1.0862393722322135,0.08689914977857707,0.32913052978636065,8.33504511729665,2.0058155059814453ms
"TID_1_bumped_vol_4.0000",43.44957488928854,43.44957488928854,1.0862393722322135,0.08689914977857707,0.3389066841364506,8.391637830854057,2.0008087158203125ms
"TID_1_bumped_vol_-5.0000",43.44957488928854,43.44957488928854,1.0862393722322135,0.08689914977857707,0.3095782210861808,8.224593489742714,2.042055130004883ms
"TID_1_bumped_vol_5.0000",43.44957488928854,43.44957488928854,1.0862393722322135,0.08689914977857707,0.3421654022531472,8.410834056354002,1.9257068634033203ms
"TID_1_bumped_vol_-6.0000",43.44957488928854,43.44957488928854,1.0862393722322135,0.08689914977857707,0.3063195029694842,8.206649176354585,2.001523971557617ms
"TID_1_bumped_vol_6.0000",43.44957488928854,43.44957488928854,1.0862393722322135,0.08689914977857707,0.3454241203698438,8.430167404810888,1.0786056518554688ms
"TID_1_bumped_vol_-7.0000",43.44957488928854,43.44957488928854,1.0862393722322135,0.08689914977857707,0.30306078485278753,8.188880064729942,0.99945068359375ms
"TID_1_bumped_vol_7.0000",43.44957488928854,43.44957488928854,1.0862393722322135,0.08689914977857707,0.34868283848654047,8.449580351303567,3.0002593994140625ms
"TID_1_bumped_time_to_maturity_-34.0000",43.44957488928854,43.44957488928854,0.7169179856732608,0.08689914977857707,0.325871811669664,6.152301375971576,1.0831356048583984ms
"TID_1_bumped_time_to_maturity_-9.0000",43.44957488928854,43.44957488928854,0.9884778287313143,0.08689914977857707,0.325871811669664,7.7658190151398,1.005411148071289ms
"TID_1_bumped_time_to_maturity_-39.0000",43.44957488928854,43.44957488928854,0.6626060170616501,0.08689914977857707,0.325871811669664,5.813714590409101,1.9998550415039062ms
"TID_1_bumped_time_to_maturity_-44.0000",43.44957488928854,43.44957488928854,0.6082940484500395,0.08689914977857707,0.325871811669664,5.46943682191186,2.0008087158203125ms
"TID_1_bumped_time_to_maturity_-49.0000",43.44957488928854,43.44957488928854,0.5539820798384288,0.08689914977857707,0.325871811669664,5.118836465669394,1.9962787628173828ms
"TID_1_bumped_time_to_maturity_-54.0000",43.44957488928854,43.44957488928854,0.49967011122681815,0.08689914977857707,0.325871811669664,4.761490265560285,2.008676528930664ms
"TID_1_bumped_time_to_maturity_-14.0000",43.44957488928854,43.44957488928854,0.9341658601197036,0.08689914977857707,0.325871811669664,7.453024822802541,1.9991397857666016ms
"TID_1_bumped_time_to_maturity_-59.0000",43.44957488928854,43.44957488928854,0.44535814261520756,0.08689914977857707,0.325871811669664,4.396094625251392,1.5566349029541016ms
"TID_1_bumped_time_to_maturity_-64.0000",43.44957488928854,43.44957488928854,0.39104617400359687,0.08689914977857707,0.325871811669664,4.02170416344709,2.0513534545898438ms
"TID_1_bumped_time_to_maturity_-4.0000",43.44957488928854,43.44957488928854,1.042789797342925,0.08689914977857707,0.325871811669664,8.073714928184177,2.009153366088867ms
"TID_1_bumped_time_to_maturity_-69.0000",43.44957488928854,43.44957488928854,0.3367342053919862,0.08689914977857707,0.325871811669664,3.636542220001995,1.0776519775390625ms
"TID_1_bumped_time_to_maturity_-74.0000",43.44957488928854,43.44957488928854,0.2824222367803755,0.08689914977857707,0.325871811669664,3.237847527023712,1.0404586791992188ms
"TID_1_bumped_time_to_maturity_-79.0000",43.44957488928854,43.44957488928854,0.22811026816876478,0.08689914977857707,0.325871811669664,2.8215416313212702,0.9999275207519531ms
"TID_1_bumped_time_to_maturity_-19.0000",43.44957488928854,43.44957488928854,0.8798538915080929,0.08689914977857707,0.325871811669664,7.135377374431981,1.5137195587158203ms
"TID_1_bumped_time_to_maturity_-84.0000",43.44957488928854,43.44957488928854,0.1737982995571542,0.08689914977857707,0.325871811669664,2.3799643582772294,2.0051002502441406ms
"TID_1_bumped_time_to_maturity_-89.0000",43.44957488928854,43.44957488928854,0.1194863309455435,0.08689914977857707,0.325871811669664,1.898119191709736,1.9984245300292969ms
"TID_1_bumped_time_to_maturity_-94.0000",43.44957488928854,43.44957488928854,0.06517436233393292,0.08689914977857707,0.325871811669664,1.3385202636195537,2.003192901611328ms
"TID_1_bumped_time_to_maturity_-99.0000",43.44957488928854,43.44957488928854,0.010862393722322228,0.08689914977857707,0.325871811669664,0.5112848118883004,1.9998550415039062ms
"TID_1_bumped_time_to_maturity_-24.0000",43.44957488928854,43.44957488928854,0.8255419228964822,0.08689914977857707,0.325871811669664,6.813007160371866,1.9235610961914062ms
"TID_1_bumped_time_to_maturity_-29.0000",43.44957488928854,43.44957488928854,0.7712299542848715,0.08689914977857707,0.325871811669664,6.485405404344054,1.9104480743408203ms
